{
  "BankAccounts": [
    {
      "Id": "07ae3401-eb45-4001-bf10-a64315dfce1d",
      "Name": "\u0421\u0447\u0451\u04423",
      "Balance": 0
    },
    {
      "Id": "f0431abf-c86d-4bed-8e46-524d6e492454",
      "Name": "\u0421\u0447\u0451\u04422",
      "Balance": 400
    },
    {
      "Id": "84818c45-57c5-4621-afc1-42176dd00fc3",
      "Name": "\u0421\u0447\u0451\u04421",
      "Balance": 800
    }
  ],
  "Categories": [
    {
      "Id": "a562760d-fc39-42a2-8186-4566cc97b49a",
      "Type": 0,
      "Name": "\u0417\u0430\u0440\u0430\u0431\u043E\u0442\u043D\u0430\u044F \u043F\u043B\u0430\u0442\u0430"
    },
    {
      "Id": "97e19e4d-c065-4ecb-9616-77d01237784d",
      "Type": 0,
      "Name": "\u041A\u0435\u0448\u0431\u0435\u043A"
    },
    {
      "Id": "bbdbd7cd-1210-49a4-aa0a-178435c24ef7",
      "Type": 1,
      "Name": "\u041A\u0430\u0444\u0435"
    },
    {
      "Id": "f9be7cf9-d302-4521-8297-933ebfdfaa99",
      "Type": 1,
      "Name": "\u0417\u0434\u043E\u0440\u043E\u0432\u044C\u0435"
    }
  ],
  "Operations": [
    {
      "Id": "f8940b79-6a9d-4d87-a84b-d5e48a03b896",
      "Type": 0,
      "BankAccountId": "84818c45-57c5-4621-afc1-42176dd00fc3",
      "Amount": 1000,
      "Date": "2025-03-20T23:23:32.4943756+03:00",
      "Description": "\u0417\u0430\u0440\u043F\u043B\u0430\u0442\u0430 \u0437\u0430 \u043C\u0430\u0440\u0442",
      "CategoryId": "a562760d-fc39-42a2-8186-4566cc97b49a"
    },
    {
      "Id": "cd305b8f-06cc-4a9b-b85e-d3d8761cbe9b",
      "Type": 0,
      "BankAccountId": "f0431abf-c86d-4bed-8e46-524d6e492454",
      "Amount": 400,
      "Date": "2025-03-20T23:32:18.9275364+03:00",
      "Description": "\u0418\u0437 \u043C\u0430\u0433\u0430\u0437\u0438\u043D\u0430",
      "CategoryId": "97e19e4d-c065-4ecb-9616-77d01237784d"
    },
    {
      "Id": "c6136394-d6b1-45a1-801e-3e51592d361e",
      "Type": 1,
      "BankAccountId": "84818c45-57c5-4621-afc1-42176dd00fc3",
      "Amount": 200,
      "Date": "2025-03-20T23:32:39.8100038+03:00",
      "Description": "\u0422\u0435\u0440\u0430\u043F\u0435\u0432\u0442",
      "CategoryId": "f9be7cf9-d302-4521-8297-933ebfdfaa99"
    }
  ]
}