operation,f8940b79-6a9d-4d87-a84b-d5e48a03b896,Income,84818c45-57c5-4621-afc1-42176dd00fc3,1000,20.03.2025 23:23:32,Зарплата за март,a562760d-fc39-42a2-8186-4566cc97b49a
operation,cd305b8f-06cc-4a9b-b85e-d3d8761cbe9b,Income,f0431abf-c86d-4bed-8e46-524d6e492454,400,20.03.2025 23:32:18,Из магазина,97e19e4d-c065-4ecb-9616-77d01237784d
operation,c6136394-d6b1-45a1-801e-3e51592d361e,Expense,84818c45-57c5-4621-afc1-42176dd00fc3,200,20.03.2025 23:32:39,Терапевт,f9be7cf9-d302-4521-8297-933ebfdfaa99
account,07ae3401-eb45-4001-bf10-a64315dfce1d,Счёт3,0
account,f0431abf-c86d-4bed-8e46-524d6e492454,Счёт2,400
account,84818c45-57c5-4621-afc1-42176dd00fc3,Счёт1,800
category,a562760d-fc39-42a2-8186-4566cc97b49a,Income,Заработная плата
category,97e19e4d-c065-4ecb-9616-77d01237784d,Income,Кешбек
category,bbdbd7cd-1210-49a4-aa0a-178435c24ef7,Expense,Кафе
category,f9be7cf9-d302-4521-8297-933ebfdfaa99,Expense,Здоровье
